Shelfmark,Old Shelfmark,Title,Copy place,Antigraph provenance,Antigraph shelfmark,Scribe,Procurer,Editor,Year,Colophon,Antigraph colophon,Width,Height,Width (written),Height (written),Notes,Link
Sanscrit 1148,2,Ātreyasaṃhitā,Bikaner,Bikaner,B 1758,Prohitadīnānātha,,,1900,sam̐vvat 1957 vaiśākhakṛṣṇa 14 śativāsare lipīkṛtaṃ prohitadīnānāthena vikramapuramadhye śubhaṃ bhūyāt || ꣸ ||,,355-360,160,285,110-115,"355-360 x 160, 285 x 110-115 mm written",https://gallica.bnf.fr/ark:/12148/btv1b10090977w
Sanscrit 1149,86bis,Hārītasaṃhitā,Alwar,Alwar,,Dhannālāla Śarmā*,Gaṅgādhar Jośī*,,,,,335-340,140,230,80,"335-340 x 140, 230 writen. 6 folios, doubled. ends at 3.29: https://archive.org/details/laharitasamhitatextmedicalsanskritalixraison_202002/page/n65/mode/1up",
Sanscrit 1150,3,Ānandamālikā,Jammu,Jammu,3326-3139,,,,,,,340,190,250,120,"1-65, first & last folios doubled. 340-190 mm, 250 x 120 mm written, ",
Sanscrit 1151,4,Pākāvalī,Benares,Benares,35,,,,,,samvat 1866 śake 1732 || pauṣaśukla 14 bhṛgau tadine samāptigamat,170*,205*,,,Antigraph dated to 1810 CE.,https://gallica.bnf.fr/ark:/12148/btv1b10090981m
Sanscrit 1153,6,Ekākṣaranighaṇṭu,Benares,Benares,Vaidyaka 20,,,,,,,240*,115*,,,,https://gallica.bnf.fr/ark:/12148/btv1b100909822
Sanscrit 1154,7,Kalyāṇasaṃgraha,Besançon,Kathmandu,,,Sylvain Lévi,,1901,,,175*,225*,,,photographs/transcription of nepalese ms from Sylvain Lévi,https://gallica.bnf.fr/ark:/12148/btv1b10091342g/f168.item
Sanscrit 1155,8,Kāśyapasaṃhitā,Chandernagor,Kathmandu,,Palmyr Cordier; Umeśacandra Gupta,,,1899,,likhitaṃ pustakam idaṃ śrīcandananagare kavirājena śrī umeśacandrakaviratnena śā° 1899,200*,165*,,,,https://gallica.bnf.fr/ark:/12148/btv1b10090983h
Sanscrit 1157,8ter,Kāśyapasaṃhitā,Chandernagor,Kathmandu,,Palmyr Cordier,Haraprasād Śāstrī,,1899,,,165,200,130,195,Quarto. Made in Belgium watermark. Transcript of Sanscrit 1157. Dated “Chand. Décembre 99” on the top left corner of page 1.,
Sanscrit 1158,9,Kautūhalacintāmaṇi,Bikaner,Bikaner,B 1600,Prohitadīnānātha,Pītāmbar Daujī,,1900,|| śubhaṃ bhavatu || || sam̐. 1957 vaiśākhaśukla 13 śānivāsare || || lipīkṛtaṃ prohitadīnānāthena ||,,275*,125*,,,,https://gallica.bnf.fr/ark:/12148/btv1b10090985d
Sanscrit 1159,10,Netracikitsā,Tanjore,Tanjore,10-792,,C. Krishnayya,,,,,170*,205*,,,Telugu script,https://gallica.bnf.fr/ark:/12148/btv1b10091809v
Sanscrit 1160,11,Kriyākālaguṇottara,Jammu,Jammu,3226,,,,1899,saṃvat 1956 kārtaka pra 2,saṃvat 1915 caitra śukla tṛtīyā 3 guruvāsare likhitaṃ svāmīrāmaprasāda,235*,185*,,," (Svāmī Rāmaprasāda, 1858 CE)",
Sanscrit 1161,12,Gaṇanighaṇṭu,Bikaner,Bikaner,B 1573,Prohitadīnānātha,,,1900,sam̐. 1957 vaiśākhaśukla || 7 || ravivāsare || lipīkṛtaṃ prohitadīnānāthena ||,,265*,105*,,,,https://gallica.bnf.fr/ark:/12148/btv1b10091806h
Sanscrit 1162,13,Guṇaratnamālā,Jammu,Jammu,3121,,,,,samāgraś cemāḥ guṇaratnamālāḥ śubhadāś ceti śivāya bho(ja)vatu || || || yad akṣarapadabhraṣṭaṃ mātrāhīnaṃ ca yad gatam || tvayā tat kṣamyatāṃ deva kṛpayā parameśvara || rāmāya namaḥ,,345,195,265-270,120-130,"1-74. 1, 10-74 doubled. 345 x 195 mm, 265-270 x 120-130 written. Inverted pyramid end",
Sanscrit 1163,14,Candrārkatāraka,Calcutta*,Calcutta,Vaidyaka 15,,,Umeśacandra Gupta,1900,śrīr astu kalyāṇam astu saṃvat 19|56| mīti pauṣavadi 2 pustakasaṃkhyā 16 20 |,,310-345,130-135,235-265,75-90,"Doubled folios. 1, 1bis, 2-47, blank folio, 1-3, blank folio. Main: 345 x 135 mm, 265 x 90 written, impressed left and right margins. 1bis: 310 x 130 mm, 245 x 75 written, impressed left and right margins. Unit B: 310 x 130 mm, 235-245 x 75-80 mm written, impressed left and right margins.",
Sanscrit 1164,15,Cikitsākālikā,Jammu,Jammu,3105-3176,,,,,śubhaṃ bhavatuḥ 109,,345,190,260-280,120-130,1-33. 345 x 190 mm. 260-280 x 120-130 written. ,
Sanscrit 1165,16,Cikitsākālikā,Alwar,Alwar,1626,Govindasiṃha Varmmā*,Gaṅgādhar Jośī,,1899,idaṃ granthasamāptam | saṃvat | 1956 || yādṛśaṃ pustakaṃ dṛṣṭvā tādṛśaṃ likhitaṃ mayā || yadi śuddham aśuddhaṃ vā mama doṣo na dīyate || 1 || śubham,,235*,105*,,,,https://gallica.bnf.fr/ark:/12148/btv1b10091817c
Sanscrit 1166,17,Jagatprakāśa,Jammu,Jammu,4045,,,,,,saṃvat 1941 kārtita śuklā 14,380,170,300-305,105,"380 x 170 mm, 300-305 x 105-110 mm written",
Sanscrit 1167,19,Jvaracikitsita,Besançon,Kathmandu,,Palmyr Cordier,Sylvain Lévi,,1900,,,180,230,120-125,130-220,Written: 120-125 x 130-220 mm. Transcription dated 1900; additional page dated 1901. Wove paper. Latune et Cie Blacons watermark.,
Sanscrit 1168,20,Jvaraparājaya,Calcutta*,Calcutta,Vaidyaka 28,Śītalāprasāda Śarmā,,,1899,śrī ārogam astu | mehera suve āpājī gaṇeśa hīlimāṃ ko nahi || saṃvat 1956 || caitraśuklaikādaśyāṃ baumavāsarānvitāyāṃ śītalāprasādaśarmmaṇo llikhitam || || śubham bhūyāt || ||,678 akṣara 12 ślokajātagaṃ || iti saṃvat 1824 nāvaraṣevai iṣāvadī 7 vāraravi ulaṣitaṃ gavyāsatu lajārāṃ majagajīvanasūtaviṣṇurāmapustakaliṣitaṃgasvahastenāṃ || śrīr astu || kalyāṇam astu ||  ,190-195,100,155,75,"1-45, 2 blank. Cordier gives the date as “10-IV-1900”, perhaps indicating the date the manuscript was received.",
Sanscrit 1169A,21,Āyurvedasaukhya,Jammu,Jammu,3221,,,,1899,"I have sent you two hundred \and fifty/ Shlokas, and will send you by and by. (250 śloka likha bhejā au 66 sītarāṃ kāpī milatī jāvegī 3 isā uttara bhejatā)",,175,215,120-125,160-165,"object: 370 x 205 x 90 mm. ff. 1-20: 175 x 215, 120-125 x 160-165 written. ",
Sanscrit 1169B,21,Āyurvedasaukhya,Jammu,Jammu,3221,,,,1899,śubhaṃ bhūyāt_ māsotame māsi śrāvaṇamāsi śuklapakṣe āṣāḍaikādaśyāṃ vudhavāsare samāptam_ samvat 1956 vi. san 1899 ī. julāī 19 likhitam idaṃ pustakaṃ ḍākṭara pī-kārḍīara caṃdranagara nivāsī vaṅgāladeśārthe jamvūmadhye śubhambhūyāt,,190,340,110-120,250,"ff. 1-571: 190 x 340 mm, 110-120 x 250 mm written. book style.",
Sanscrit 1170,22,Āyurvedasaukhya,Jammu,Jammu,3222,,,,1899,śubham bhūyāt_ samvat 1956 bhādrapadakṛṣṇāmāyām_ san_ 1899 sipṭaṃvara 5 ī śubham_ śubham bhūyāt,,385,175,100-140,270-305,"1-175 doubled, 385 x 175 mm, 100-140 x 270-305 mm written",
Sanscrit 1171,23,Āyurvedasaukhya,Calcutta*,Calcutta,Vaidyaka 29-30-31,Brāhmaṇaharananda,,Umeśacandra Gupta,1899,śrīrāmajīḥ || saṃvat 19|56| kā mīti āśvinakṛṣṇapakṣe dvitīyāyāṃ guruvāsare likhitaṃ brāhmaṇaharanaṃda ||,,345,130,270,90,"1-261, doubled folios. 345 x 130 mm, 270 x 90 written",
Sanscrit 1172,24,Takravidhi,Bikaner,Bikaner,A 1474,Prohitadīnānātha,,,1900,sam̐. 1957 vaiśākhaśukla || 10 || lipīkṛtaṃ prohitadīnānāthena || ꣸,,280,105-110,225,80,"1-9. 280 x 105-110 mm, 225 x 80 mm written. Card: 95 x 65 mm. Fully photographed.",
Sanscrit 1173,25,Dviśatī,Jammu,Jammu,3258,,,,1900,sarasvatyai namaḥ dvaṃkayarvabhūśāke iṣe māsi site tare bhauma vāreṣu dviśatī vyaliṣajjayavallabhaḥ śubham,,345,190,260-285,125-145,"1-16. 345 x 190 mm, 260-265 x 125-145 mm written",
Sanscrit 1174,26,Dviśatī,Bikaner,Bikaner,1567,Prohitadīnānātha,,,1900,sam̐vvat 1956 pauṣakṛṣṇā 2 bhaumavāsare | lipīkṛtaṃ prohitadīnānāthenedaṃ pustakam ||  || vīkāneramadhye || āyurvedavedavyāsakṛt || śubhaṃ bhūyāt ||,,355-360,160,280,110-115,"1-42, wax paper. 355-360 x 160 mm, 280 x 110 written.",
Sanscrit 1175,27,Dhātumañjarī,Benares,Benares,15,,,,1899,ataḥ param ādarśapustakaṃ khaṇḍitam,,290,145-150,225-230,80,"1-91, alternating colours. 290 x 145-150 mm, 225-230 x 80 mm written.",
Sanscrit 1176,28,Dhāturatnamālā,Jammu,Jammu,3120,,,,,,,330*,180*,,,,http://gallica.bnf.fr/ark:/12148/btv1b10091818t
Sanscrit 1177,29,Nyāyacandrikā,Chandernagor,Bikaner,1762,Umeśacandra Gupta,,,,likhitaṃ candananagare śrī umeśacandragupta-kaviratnakavirājena || likhitaṃ pustakam idaṃ pi. korḍīrasamājñayā | bhiṣajomeśacandreṇa kaviratnena yatnataḥ || anusandhit_sunā tena pi. korḍīramahātmanā | samānītaṃ bikānīr-rājapustakasadmanaḥ ||,,205*,170*,,,Copied from a Bikaner MS,http://gallica.bnf.fr/ark:/12148/btv1b100905830
Sanscrit 1178,30,Pathyāpathya,Chandernagor,Bibirhat,,Haricaraṇa Lāha,Haridāsa Dāsa Kavirāja,,1899,idaṃ pustakaṃ ḍaktar. pa. kordyer sāhebārthaṃ haricaraṇalāhena candananagare likhitaṃ śakābde 1955 saṃ 1810,śrīśrīhariḥ || śrīśrīnāthanāpitasya svākṣaraṃ pustakañ ca || || jagadīśajanārdanavṛñjavibho madhusūdana vāmana viśvaguro | karuṇām avakeśavarāmahare karuṇāṃ ?rukeśavadīnanare || rāmāya rāmacandrāya  rāmabhadrāya vaidhabhe | raghunātāya nāthāya bhītāyāḥ patathenamaḥ ||  || śrīśrīrādhāmādhavacaraṇe mama bhaktir astu || || yatnena likhitaṃ grantha yaś corayati mānavaḥ || śūkarī tasya mātā ca pitā tasya ca varvaraḥ || || śrīśrīdūrgā || || śrīśrīvaganī || || ,295,105,240,70,"1-22, cover folio. “M.S. de Haridāsa Dāsa Kavirāja, à Bibirhatte”.",
Sanscrit 1179A,31,Padārthacandrikā (Śārīrasthāna),Bikaner,Bikaner,B 1620,,,,1899,samāptaṃ ceti śārīraṃ || ataḥ paraṃ tṛtīyaṃ nighnanasthānaṃ bhaviṣyati || || ꣸: || || saṃ. | 1956 mitī āsoja vaha 15 buddhavāra || ||,,345*,155*,,,Folios 1-51. Colophon on image 108.,https://gallica.bnf.fr/ark:/12148/btv1b525116008
Sanscrit 1179B,31,Padārthacandrikā (Cikitsāsthāna),Bikaner,Bikaner,B 1672,Prohitadīnānātha,,,[1899],|| śubhaṃ bhavatu || || lipīkṛtaṃ prohitadīnānāthena || ||,,345*,155*,,,,https://gallica.bnf.fr/ark:/12148/btv1b525116008
Sanscrit 1180,32,Paryāyaratnamālā,Chandernagor,Chandernagor,,,,,,,,330-365,65-75,300-320,25-40,"blank folio, 1-22, 2, 1. (first photograph is last folio).330-365 x 65-75 mm. 300-320 x 25-40 mm written.",
Sanscrit 1181,33,Bālacikitsā,Benares,Benares,Vaidyaka 10,,,,,idaṃ bālacikitsāpustakaṃ ādau madhye 'pi khaṇḍitaṃ tathāivādarśapustakam ity avagantavyam,|| samvat 1572 || samaye āṣāḍasudi somavāsare || || śubhamm astuḥ,285*,145*,,,(1515 CE),https://gallica.bnf.fr/ark:/12148/btv1b100918715/f88.item
Sanscrit 1182,35A,Bheḍasaṃhitā,Tanjore,Tanjore,10-773,,C. Krishnayya,,,,,175,210,125-130,165-170,"“Copie exécutée par le Paṇḍit C. Krishnayya"". A. J. Brown, Brough & Co. watermark. Quires of 2 bifolia (quarto). Hand change from 32-33, 40-41, 50...",https://gallica.bnf.fr/ark:/12148/btv1b10090584f
Sanscrit 1183,[35B],Bheḍasaṃhitā,Tanjore,Tanjore,,,,,1900,,,170*,210*,,,"“Tanjore, 21 Juin 1900.” Telugu script. With single page of Devanāgarī transcription by Cordier, with sketch & measurements of the manuscript.",https://gallica.bnf.fr/ark:/12148/btv1b100918198
Sanscrit 1184,36bis,Bheḍasaṃhitā,Tanjore,Tanjore,10-773,Palmyr Cordier,,,,,,150*,210*,,,,http://gallica.bnf.fr/ark:/12148/btv1b10090585w
Sanscrit 1185,37,Bhojanakutuhala,Calcutta*,Calcutta,1689,,,,1900,samāptaivaṃ khaṇḍitaṃ pustakaṃ idaṃ ||,,350,135,280,80-90,"1-32. 350 x 135 mm, 280 x 80-90 mm written.",
Sanscrit 1187,39,Mugdhabodhasaṃgraha,Chandernagor,Chandernagor,,,,,,,,475-485,110,365-400,50-70,"Images start from end, table of contents.475-485 x 110 mm 365-400 x 60-70 mm written. Bengali. Old.",
Sanscrit 1188,40,Momahanavilāsa,Calcutta*,Calcutta,Vaidyaka 15,Kuñjavihāri Nyāyabhūṣana,,,,likhitaṃ śrīkuñjavihāri nyāyabhūṣaṇa śarmmaṇā ḍāktār pi karadiye sāhavasya pustakam idam / ḍākyāra pī karadīye sāhavasya pustakam idam śrīkuñjavihāri nyāyabhūṣaṇena likhitaṃ || yathādṛṣṭaṃ tathā likhitaṃ samyak_jñātantu parivarttitaṃ kiñcit ||,saṃvat 1860 || samāptaḥ || śubham astu ||,290-295,105,215-220,60,"290-295  x 105 mm, written 215-220 x 60 mm.",
Sanscrit 1189,41,Yogacandrikā,Benares,Benares,Vaidyaka 3,,,,,atra samāptibodhikāḥ kācid eva paṅktaya ādarśapustake ‘pi na santīty avagantavyam,,295,145-150,230-235,90,"295 x 145-150 mm, 230-235 x 90 mm written",
Sanscrit 1190,42,Yogaratnamālā,Calcutta*,Calcutta,1400,,,,,,saṃvat 1741 samayakārttikakṛṣṇāṣṭamīdine likhāpitasiddhiḥ śrīmahārājādhirājabhāvasiṃhadevena likhitam idaṃ rūpaṇimiśreṇa || ||,295,105,180-185,60-70,"1-24, hardcovers with bengali script. 290 x 105 mm, 180-185 x 60-70 mm written. title card in Sanscrit 1327.",
Sanscrit 1191,43,Yogaratnāvalī,Calcutta*,Calcutta,1639,,Mādhavatripāṭhin Mahādevagiri,,,idaṃ pustakaṃ mādhava tripāṭhinasya mā(!)hādevagirer labdhaṃ ||,,290-295,105,205-250,60-75,"290-295 x 105 mm, 205-250 x 60-75 mm written",
Sanscrit 1192,44,Yogaratnasamuccaya,Poona,Poona,"DVI, 147",,Shridhar R. Bhandarkar,,1900,,,170,215,145,160-180,"170 x 215 mm, 145 x 160-180 mm written. Bhandarkar published the catalogue of mss in Deccan College (1888). “Smith & Meyner Fiume” watermark; see https://en.wikipedia.org/wiki/Corpus_separatum_(Fiume)",
Sanscrit 1193,45,Yogaratnāvalī,Jammu,Jammu,3295kha & 3294ka,,Babu Maheścandraviśwās,,1900,śubham_ hari oṃ samvat 1957 jyaiṣṭa pra 6 śubhaṃ bhūyāt,,335,185-190,250-265,130-135,"335 x 185-190 mm, 250-265 x 130-135 mm written",
Sanscrit 1194,46,Yogaśataka,Chandernagor,Kathmandu,,Palmyr Cordier,Haraprasād Śāstrī,,1899,,,165*,205*,,,transcription & photos of a Nepalese manuscript from H. P. Śāstrī. See https://archive.org/details/in.ernet.dli.2015.56364/page/n347/mode/1up,https://gallica.bnf.fr/ark:/12148/btv1b10091800t
Sanscrit 1195,47,Yogaśataka,Jammu,Jammu,3106,,,,,,iti śrīyogaśatakasūtraṃ samāptam saṃvat 1918 śrāvaṇavadī,330*,180*,,,(1861 CE),https://gallica.bnf.fr/ark:/12148/btv1b10090952t/f23.item
Sanscrit 1196,48,Yogaśataka,Alwar,Alwar,1656,,Gaṅgādhar Jośī,,,,,205*,115*,,,,https://gallica.bnf.fr/ark:/12148/btv1b100916934
Sanscrit 1197,49,Mahārṇavanibandha,Jammu,Jammu,3131,,,,,śrīsvasty astu viprebhyaḥ śubham bhūyāt,,320-350,185-190,240-245,120,"First folio doubled. 320-350 x 185-190 mm, 240-245 x 120 mm written. Title card in Sanscrit 1152.",
Sanscrit 1198,50,Yogaśataka,Calcutta*,Calcutta,3115,Palmyr Cordier*,,,1899,,,230*,80*,,,12 Mai 99 (Cordier’s hand?),https://gallica.bnf.fr/ark:/12148/btv1b10091699t/f8.item
Sanscrit 1199,51,Yogaśatābhidhāna,Benares,Benares,Vaidyaka 42,,,,,,,240-255,115-120,185-190,65-75,"240-255 x 115-120 mm, 185-190 x 65-75 mm written. 1r upside down. Last two folios in orpiment.",
Sanscrit 1200,52,Yogaśatābhidhāna,Calcutta*,Calcutta,1491(2),,,,,,samvat 1897 pauṣya kṛ.,290,120,220-225,70-75,"290 x 120 mm, 220-225 x 70-75 mm written",
Sanscrit 1201,53,Yogasāra,Jammu,Jammu,3289ka,,,,,,,330-335,180-185,225,115-125,"330-335 x 180-185 mm, written 255 x 115-125 mm",
Sanscrit 1202,54,Yogasārasamuccaya,Benares,Benares,,,Vindhyeśvarī Prasād Śarmā Dvivedī,,,ataḥ param ādarśe pi khaṇḍito granthaḥ ||,,265-270,135-140,200-205,65-75,"265-270 x 135-140 mm, 200-205 x 65 mm written. Card: 90 x 65 mm. All photos taken. Copied from a private library.",
Sanscrit 1203,55,Rasakautuka,Benares,Benares,Vaidyaka 18,,,,,,,295,150,225-230,80-85,"295 x 150 mm, 225-230 x 80-85 mm written.",
Sanscrit 1204,56,Rasakaumudī,Chandernagor,Calcutta,Vaidyaka 54,Umeśacandra Gupta,,,,śubham astu || ―,,330-350,100-110,225-275,60-65,"ff. 18-52 in Bengali script, mostly doubled folios, watermarked. Bengali folios copied from Umeśacandra’s own collection. 330-350 x 100-110 mm, 255-275 x 60-65 mm written",
Sanscrit 1205,57,Rasacintāmaṇi,Jammu,Jammu,830,,,,,,,345,190,250-280,125,"345 x 190 mm, 250-260 x 125 mm written. Card: 95 x 65 mm. All photos taken.",
Sanscrit 1206,58,Rasacintāmaṇi,Calcutta*,Calcutta,Vaidyaka 56,,,Umeśacandra Gupta,1900,,,305-310,130,235-240,75-85,"1-9, 31-95. “Corrigé par Umēçacandra Gupta Kavirāja Kaviratna, et complété sur les deux Codd. du Deccan College, Poona.”",
Sanscrit 1207,59,Rasacintāmaṇi,Chandernagor*,Poona,1076-1077,,,Umeśacandra Gupta*,1900,,,305-310,130,240,80-90,"Filling in for lacuna in Sanscrit 1206. 305-310 x 130 mm, 240 x 80-90 mm written",
Sanscrit 1208,60,Rasapaddhatibhā,Jammu,Jammu,3227,,,,,,,320-340,185,245-270,120-130,"320-340 x 185 mm, 245-270 x 120-130 mm written. First and last folios doubled.",
Sanscrit 1209,61,Rasaprakāśasudhakāra,Jammu,Jammu,3260,,,,,,,320*,180*,,,,https://gallica.bnf.fr/ark:/12148/btv1b10091820n/f1.item
Sanscrit 1210,62,Rasapradīpa,Jammu,Jammu,3311,,,,,,,335*,185*,,,,https://gallica.bnf.fr/ark:/12148/btv1b100918213/f2.item
Sanscrit 1211,63,Rasamānasa,Jammu,Jammu,3147,,,,,,,335*,185*,,,,https://gallica.bnf.fr/ark:/12148/btv1b10091822j/f4.item
Sanscrit 1212,64,Rasaratnadīpa,Alwar,Alwar,1663,Dhannālāla Śarmā,Gaṅgādhar Jośī,,1899,saṃbat_ 1956 jyeṣṭhaśuklā 14 gurau hastākṣara bedapāṭhī dhaṃnālālaśarmā māphaka hukama śrī. jośī gaṃgādharajī munśarima sāhiva pustakaśālā sarakāra alavara śubham astu oṃ. ||,,205*,155*,,,,https://gallica.bnf.fr/ark:/12148/btv1b100918230
Sanscrit 1213,65,Rasaratnākara,Jammu,Jammu,3153,,Bāladeva Śāstrī,,1899,yathāpratilikhitam idaṃ pustakam_ etāvat pustakam idam_ saṃ 1955 vi. 1855 ī,,370*,165*,,,Copié en Décembre 89 – Janvier 99,https://gallica.bnf.fr/ark:/12148/btv1b10091824f/f44.item
Sanscrit 1214,66,Rasaratnākara,Calcutta*,Calcutta,,,Haraprasād Śāstrī,Umeśacandra Gupta,1900,,,375*,150*,,,"Calcutta; Haraprasād Çāstrī; Govt. of India, April 1900. Corrigé par U. Ç. Gupta Kavirāja.",https://gallica.bnf.fr/ark:/12148/btv1b10091825w/f1.item
Sanscrit 1215,67,Rasarājalakṣmī,Alwar,Alwar,1667,Dhannālāla Śarmā,Gaṅgādhar Jośī,,1899,saṃbat 1956 āṣāḍhakṛṣṇā 4 caturthyāṃ bhaumabāsare māphaka hukama jośījī mahārāja śrī. gaṃgādharajī munsarima sāhiba pustakaśālā sarakāra alavara śubhaṃ bhavatu oṃ. | || yādṛśaṃ pustakaṃ dṛṣṭvā tādṛśaṃ likhitaṃ mayā yadi śuddham aśuddhaṃ vā mama doṣo na dīyate 1 hastākṣara vedapāṭhī dhannālālaśarmā ❈ || oṃ tat sat ||,,210*,155*,,,,https://gallica.bnf.fr/ark:/12148/btv1b10090986v
Sanscrit 1216,68,Rasasāgara,Alwar,Alwar,1668,Dhannālāla Śarmā,Gaṅgādhar Jośī,,1899,śubhaṃ da° dhannālālaśarmā āśvina kṛ° 14 saṃ 1956,,160*,115*,,,,https://gallica.bnf.fr/ark:/12148/btv1b100909896
Sanscrit 1217,69,Rasasāra,Alwar,Alwar,1669,Govindasiṃha Varmā,Gaṅgādhar Jośī,,1899,samvat || 1956 || mārgasiraśuklā 7 śaniśvara || hastākṣara govindasiṃha varmmā vā. alavara aura jo ślokoṃ maiṃ namvara meṃ pharaka hai vo merī galatīṃ nahīṃ hai || pahalī se hī pharaka calā ātā hai |,,240*,105*,,,,https://gallica.bnf.fr/ark:/12148/btv1b10090984z
Sanscrit 1218,70,Rasaheman,Calcutta*,Calcutta,16,Kuñjavihāri Nyāyabhūṣana,,,1898,anukramaṇīsahitaṃ ( ḍāktār pī. kar_diye sahevārthaṃ )  rasahemaḥ || (likhitaṃ śrīkuñjavihārinyāya bhūṣaṇaśarmmaṇā ) ,,280*,105*,,,27/12/98,http://gallica.bnf.fr/ark:/12148/btv1b10090990k
Sanscrit 1219,71,Dravyaguṇa,Chandernagor,Bibirhat,,Haricaraṇa Lāha [H. Ch. Lāha],Haridāsa Dāsa Kavirāja,,1899,[khaṃḍitaṃ],,295,105,240-245,70-75,"“(Kavirāja Haridāsa Dāsa, á Bibirhulle) Chand., Février 99; copié par H. Ch. Lāha."" Alternating blue paper. 295 x 105 mm, 240-245 x 70-75 mm written. All photos taken.",
Sanscrit 1220,72,Rasārṇava,Jammu,Jammu,3150,,,,,,samvat 1914,370*,170*,,,,https://gallica.bnf.fr/ark:/12148/btv1b10090988r/f105.item
Sanscrit 1221,73,Rasendracūḍāmaṇi,Calcutta*,Calcutta,Vaidyaka 69,,,,,,,300*,125*,,,,https://gallica.bnf.fr/ark:/12148/btv1b100910608/f3.item
Sanscrit 1222,74,Rasendramaṅgala with ṭippaṇa,Bikaner,Bikaner,4281,Prohitadīnānātha,,,1899,sam̐vvat 1956 kārttikaśukla 15 bhṛguvāsare || śubhaṃ bhūyāt || lipīkṛtaṃ prohitadīnanāthenedaṃ pustakam || ||,,275*,125*,,,,https://tst-project.github.io/mss/Sanscrit_1222.xml
Sanscrit 1223,75,Rājamārttaṇḍa,Calcutta*,Calcutta,1447(1),Palmyr Cordier*,,,,,yādṛśaṃ pustakaṃ dṛṣṭvā tādṛśaṃ likhitaṃ mayā || yadi sudham asudhaṃ bā mana doṣo na dīyate || 1 || śrīr astu || || || || “If correct or incorrect is not my fault.”,240-245,110,175-185,70-75,"On 1r: “idaṃ pustakaṃ rājamārtaṇḍa naṃdarāmena saṃpāditaṃ patrā 35 ||” This is probably copied from the antigraph. The manuscript may be a calque; it has the same number of folios as the antigraph. See Rājendralālamitra’s Notices, I (1870), 115-116.",
Sanscrit 1224,76,Rājamārttaṇḍa,Calcutta*,Calcutta,1160(B),,,,,,,340,180-185,250-255,115-120,"340 x 180-185 mm, 250-255 x 115-120 mm written",
Sanscrit 1225,76bis,Rājamārttaṇḍa,,,,Palmyr Cordier,,,,,,280-290,100-105,,,bhojpatra,
Sanscrit 1226,77,Mādhavanidhāna,Chandernagor*,,,,,,,,,400*,100*,,,Bengali script. Extra folio at the end.,https://gallica.bnf.fr/ark:/12148/btv1b10090992g/f176.item
Sanscrit 1227,78,Rasakalpa,Alwar,Alwar,1659,Govindasiṃha Varmā,Gaṅgādhar Jośī*,,1900,samvat | 1956 || da. govindasiṃha ||,,260,140,200,85-90,"“Chandernagor, 29 Mars 1900.” 260 x 140 mm, 200 x 85-90 mm written.",
Sanscrit 1228,79,Pradaracikitsā,Benares,Benares,14,,Arthur Venis,,1899,,,290-295,145,200-220,75,"“Copié en Mai-Juillet 1899.""",
Sanscrit 1229,80,Bālacikitsā,Tanjore,Tanjore,10-780,,C. Krishnayya,,,,,175,210,130,175,Telugu script. own photos,
Sanscrit 1230,81,Vāgbhaṭamaṇḍana,Bikaner,Bikaner,1688; 1689A; 1689B,Prohitadīnānātha [Prohitapuṣkaraṇādīnānātha],,,1899,sam̐vvat 1956 kārttikaśukla 2 caṃdravāsare lipīkṛtaṃ prohita puṣkaraṇā dīnanāthenedaṃ pustakam || vikramapuramadhye || || śubhaṃ bhūyāt || ||,,270*,120*,,,1689A ends on image 34. Colophon on image 66 (1689B). Last part is 1688.,https://gallica.bnf.fr/ark:/12148/btv1b10090993x
Sanscrit 1231A,82,Vāgbhaṭamaṇḍana,Bikaner,Bikaner,1574A,Prohitadīnānātha*,,,[1900],,,355,160,285,110,285 x 110 mm written.,
Sanscrit 1231B,82bis,Vāgbhaṭamaṇḍana,Bikaner,Bikaner,1574B,Prohitadīnānātha,,,1900,sam̐. 1957 āśvin_kṛṣṇa 10 lipīkṛtaṃ prohita dīnānāthena || || śubhaṃ bhūyāt || || śrīḥ || ||| ꣸ || || ||,,355,160,285,110,285 x 110 mm written.,
Sanscrit 1231C,82ter,Vāgbhaṭamaṇḍana,Bikaner,Bikaner,1575,Prohitadīnānātha,,,1900,sam̐vvat 1957 || āṣāḍhakṛṣṇa 11 || śanivāsare || || || lipīkṛtaṃ prohitadīnānāthena || || vikramapuramadhye || || śubhaṃ bhūyāt || || kalyāṇam astu ||  ꣸,,355,160,285,110,285 x 110 mm written.,
Sanscrit 1233,84,Vṛhadvaidyaprasāraka,Jammu,Jammu,3588,,,,,oṃ gadādarāya namaḥ bhagavate namaḥ,,345*,185*,,,compare ending to: http://idb.ub.uni-tuebingen.de/opendigi/MaI411#p=340,https://gallica.bnf.fr/ark:/12148/btv1b52508472d/f320.item
Sanscrit 1234,85,Vaidyakalpataru,Jammu,Jammu,3134,,,,,śubhaṃ bhūyāt,,330-335,185,255,120-125,Doubled folios. Written: 255 x 120-125 mm. Card: 93 x 65 mm.,
Sanscrit 1235A,86,Sañjñāsamuccaya,Calcutta*,Calcutta,619,,,,,,,310,130,260,90-95,Card: 93 x 65 mm.  Written: 260 x 90-95 mm.,
Sanscrit 1235B,,Rājendrakośa,Calcutta*,Calcutta,1162,,,,,,,170,185,135,155,"book style: 170 x 185 mm per page (e.g. half-sheet), 135 x 155 mm written.",
Sanscrit 1235C,,Gayadāsanidāna,,Bikaner,,Palmyr Cordier*,,,,,,310,130,240,90,"Jaina: 310 x 130 mm, 240 x 90 mm written. Calque of https://gallica.bnf.fr/ark:/12148/btv1b100905830/f3",
Sanscrit 1236A,87,Yogacandrikā,Chandernagor*,Chandernagor*,,Kālīnātha Tripāṭhī,,,,Dr. P. Cordier sāhavasya pustakam idam likhitaṃ śrīkālīnāthatripāṭhinā,,290-295,105,215-220,60,Laid paper. 1-22. Unit A: 215-220 x 60 mm written. Alternating white and yellow folios.,
Sanscrit 1236B,87,Mugdhabodha,Chandernagor*,Chandernagor*,,,,,,,,290-295,105,190-200,60-80,"1-30 (Mugdhabodha, Bengali script) Unit B: 190-200 x 60-80 mm written. Alternating white and yellow folios. Unit B interleaved with tissue paper.",
Sanscrit 1237,88,Vaidyajīvana,Benares,Benares,,,Vindhyeśvarī Prasād Śarmā Dvivedī,,,,,270-275,140,200-205,80-105,Written: 200-205 x 80-105 mm. Card: 93 x 65 mm. Alternating white and yellow folios.,
Sanscrit 1238,89,Vaidyavallabha,Jammu,Jammu,3257,,,,,,,320*,175*,,,,https://gallica.bnf.fr/ark:/12148/btv1b10090994c/f1.item
Sanscrit 1239,90,Vaidyasarvasva,Jammu,Jammu,3346,,,,,,śubham astu lekhakapāṭhakayoḥ saṃvat 1919,340-345,185,260-265,130-135,Written: 260-265 x 130-135 mm.,
Sanscrit 1240,91,Śataślokī,Benares,Benares,Vaidyaka 63,,,,,,,310*,160*,,,,https://gallica.bnf.fr/ark:/12148/btv1b100916917/f2.item
Sanscrit 1241,92,Śārīrakasūtraguṇapāṭha,Madras,Madras,,K. Gopala Iyer,Śeṣagiri Śāstrī [P. Seshagiri Çāstrī],,1900,Copied by K. Gopala Iyer 30/8/1900,,210,345,160,285,"Title card in Sanscrit 1245. “SUPERFINE CREAM LAID BL&Co” watermark. 160 x 285 mm written. Cordier: “(Govt. Or. MSS. Lib., _ Madras, _ 6 Juillet 1900).""",
Sanscrit 1242,93,Śārīrapadminī,Chandernagor,Bikaner,B VI 1581,Palmyr Cordier,,,1899,,saṃvat 1745,185,280,130,270,"transcribed from Bikaner MS (Chandernagor, Octobre 1899). Cordier’s own stamp (“śrī naukavirājaḥ ḍa pa rajjukāraḥ, candananagare""). D. M. Traill Calcutta watermark. Trifold used as left margin. Pink cover.",https://gallica.bnf.fr/ark:/12148/btv1b100905813/f27.item
Sanscrit 1243,94,Sannipātacandrikā,Alwar,Alwar,1697,Govindasiṃha Varmā,Gaṅgādhar Jośī*,,1900,hastākṣara | govindasiṃhavarmmā || rāja alavara || ❈ || śubham astu | samvat || 1956 || phālguṇakṛṣṇā 14 || || śubham bhūyāt || ,,260,140,200,85,"200 x 85 mm written. Initial folio doubled and glued. Card: 93 x 65 mm. Oval stamp: 9.5 x 12.5 mm. Colophon = 30 March 1900; Cordier = “Chandernagor, 29 Mars 1900.""",
Sanscrit 1244,95,Siddhamantraprakāśa,Benares,Benares,Vaidyaka 8,,,,1899,"saṃvat 1955 / idaṃ siddhamantraprakāśapustakaṃ pratilipirūpaṃ yathādarśaṃ kṛtasaṃvādaṃ sampannaṃ, yatra yatrāśuddhir vartate tatra tatrādarśe py aśuddhir astīty avagantavyam ||",,170,210,115,145,Laid paper. Lucknow Paper Mills watermark. 115 x 145 mm written.,
Sanscrit 1245,96,Siddhāntacikitsā,Jammu,Jammu,3154,,,,1900,samvat 1956 phālguṇa pra. rāma,,340,190,,,"Has card for Sanscrit 1241. “Chandernagor, 22 Mars 1900.” Colophon dates to 3 March 1900.",
Sanscrit 1246,97,Haridhāritagrantha,Jammu,Jammu,3268,,,,,śubhaṃ bhūyāl leṣakapāṭhakayoḥ _ abhūmijaṃ nirākāraṃ ṣaṭ_satvād avarjitam || varakeṇa hi yat kroktaṃ vadavaidyakim auṣadham ... atha jayayālaśodhanam ... tadā virecane dadyād amṛtādadhiko guṇo maṃdodaribhavākhyātaṃ yan mayā śivataḥ śrutam śubham bhūyāt,,230-235,190-195,170-175,130-140,"Card: 93 x 65 mm. Written: 170-175 x 130-140 mm. “Texte sanscrit, avec glose de dialect Dōgra.""",
Sanscrit 1247,98,Hṛdayadīpanighaṇṭu,Benares,Benares,Vaidyaka 26,,,,,,,295,145,220-230,60-70,written: 220-230 x 60-70 mm.,
Sanscrit 1248,99,Hṛdayadīpanighaṇṭu,Benares,Benares,Vaidyaka 40,,,,,,,340-345,105,275-295,50-80,275-295 x 50-80 mm written. SUPERFINE CREAM LAID BL&Co. Text incomplete.,
Sanscrit 1249,100,Cikitsāsāra,Benares,Benares,,,Vindhyeśvarī Prasād Śarmā Dvivedī,,1901,,,295,140-150,220-225,90-100,"“(23 Février 1901)."" Written: 220-225 x 90-100 mm. Photo of paper texture: orpiment wash, rice water glaze, inconsistent texture.",
Sanscrit 1250,101,Gandhakalpa,Benares,Benares,,,Vindhyeśvarī Prasād Śarmā Dvivedī,,1901,,,270*,135*,,,Bibliothèques Privées Paṇḍit Vindhyēçvarī Prasād Çarmā Dvivēdī (23 Febrier 1901),https://gallica.bnf.fr/ark:/12148/btv1b10091689d/f1.item
Sanscrit 1251,102,Yogoktilīlāvātī,Benares,Benares,,,Vindhyeśvarī Prasād Śarmā Dvivedī,,1901,śubhaṃ bhavatu lokānāṃ || cha || atha śārīravilāsaḥ || ādau,,295,145-150,225,85,225 x 85 mm written.,
Sanscrit 1252,103,Āśvinīsaṃhitā,Madras,Madras,,Kesampath Kumara Chakravarthi,,,1900,"Copied by Kesambath Kumara Chakravarthi, G O MSS Library, Egmore, Madras 18.7.1900",,200*,320*,,, Bound by P. Arunachellum Mudr.,https://gallica.bnf.fr/ark:/12148/btv1b10091690s
Sanscrit 1253,104,Aṣṭāṅgakāṇḍa,Madras,Madras,,Kesampath Kumara Chakravarthi,,,1900,"Copied by Kesampath Kumara Chakravarthi, G. O. M.S.S. Library. Egmore, Madras. 21.6.1900",,200,330,150-155,270,"Written: 150-155 x 270 mm. “Bound by P. Arunchellum Mudr., Pursewalkum."" Dorling & Co. 1899 watermark.",
Sanscrit 1254,105,Rasendracūḍāmaṇi,Poona,Poona,XVI A 1882-83 153,,Harinarayan Apte*,,1901,,,165*,205*,,,"""5 Avril 1901”",https://gallica.bnf.fr/ark:/12148/btv1b10091063m
Sanscrit 1255,106,Vṛddhayogaśataka,Poona,Poona,"XV, 1882-83 271",,Harinarayan Apte,,1901,,,170,210,135-140,155-165,"Written: 135-140 x 155-165 mm. “Poona, Collège du Deccan;  - Mai 1901;” Alternating watermarks: K. A. MASAHEB SHURUFALLY and British Make. Mailed from Poona to Besançon. Text ends on 45r, 46r is aginikumāro rasaḥ.",
Sanscrit 1256,107,Yogaśataka,,Nepal,,Palmyr Cordier,Cecil Bendall,,1899,,,180*,235*,,,"Kātmandu, C. Bend; B. Univ. Camb. No 150 (Kathmandu 1899)",https://gallica.bnf.fr/ark:/12148/btv1b10091626k
Sanscrit 1257,108,Sārasaṃgraha,Tanjore,Tanjore,5404,,C. Krishnayya,,,,,175,210,125-130,155-160,"125-130 x 155-160 written. Card on laid paper (93 x 65 mm). A. J. BROWN, BROUGH, & Co. LONDON paper (GUARANTEED BRITISH MANUFACTURE). Book style, 10 quires.A-D, Foliated 1-35, recto, 36.  Insert spread with Cordier’s notes between 13 and 14. Text ends on 32v, 33-35 in a different language.",
Sanscrit 1258,109,Yogaśataka,Tanjore,Tanjore,5425-5426,,C. Krishnayya,,,,,165*,205*,,,collation of two MSS; English note (From C. Krishnayya?),https://gallica.bnf.fr/ark:/12148/btv1b10077309d
Sanscrit 1259,110,Yogaśataka,Tanjore,Tanjore,5427,,,,,,,215*,135*,,,doubled folios.,https://gallica.bnf.fr/ark:/12148/btv1b10077330m
Sanscrit 1260,111,Siddhakhaṇḍa,Jammu,Jammu,4904,,,,,sahasraṃ 1 graṃthaparimātā maṃ. 4904 saṃkhyā,,320,185,220-235,135-140,"written: 220-235 x 135-140 mm. Photo of paper texture; glossy, laid, less consistent thickness than industrial.",
Sanscrit 1261,112,Vādakhaṇḍa,Jammu,Jammu,3262,,,,,,,320,180-185,240-250,125-130,"1-17, 1-20. written: 240-250 x 125-130 mm.",
Sanscrit 1262,113,Cikitsāñjana,Jammu,Jammu,3333,,,,,śubham astu lekhakapāṭhayo śrotṛṇām,,310-315,185,245,125-135,written: 245 x 125-135 mm.,
Sanscrit 1263,114,Āyurvedaprakāśa,Jammu,Jammu,3198,,,,,śubham bhūyāt,saṃvat 1914 mārgaśiraśudi maṃgalavāra saṃpūrṇam,315-325,185-190,240-245,120-135,written: 240-245 x 120-135 mm.,
Sanscrit 1264,115,Mantrakhaṇḍa,Jammu,Jammu,3297,,,,1901/1902,śubhaṃ samvat 1958 śrīkṛṣṇa śrīkṛṣṇa sa,,315-325,185-190,235-250,120-130,written: 235-250 x 120-130 mm.,
Sanscrit 1265,116,Padārthacandrikā,Poona,Poona,,,Harinarayan Apte*,,1902,,,295*,140*,,,"Avril 1902 (two parts). “Copié à l’Ānandāçrama, - Poona. (1902).""",https://gallica.bnf.fr/ark:/12148/btv1b52511811w/f570.item
Sanscrit 1266,117,Cikitsādarpaṇa,Jammu,Jammu,,,,,,,,315,185,250-260,115-140,"Written: 250-260 x 115-140 mm. Letter in Hindi and English: ḍākatara pī kārḍā-ar kevāste pustakalikhanethe so śrīpaṃḍitagaṃgādharajī kahate hai ki aphasaro ke hukna vinā pustakalikhene kī vāste nahī desakte isa līye divānasāhiba jānakīprasādajī kā likhādīpājāve saṃ 58 vai-pra-18 ajīvatyadeva [Forwarded to Dewan Jamiki Prasad Sahel supt Dharmartha with request to issue necessary order to the Pandit in charge of the M.S. Library to supply the ms to the Librarian Sree Ranbir Library, which he required for copying out. After he will return them when done with. Mahes Chandri Rātry? 29.5.01.",
Sanscrit 1267,118,Cārucaryā,Tanjore,Tanjore,,,,,,,,170*,205*,,,,https://gallica.bnf.fr/ark:/12148/btv1b10077312p
Sanscrit 1268,119,Yogapradīpikā,Bikaner,Bikaner,,Prohitadīnānātha [Pro. Dīnānātha],,,,lipīkṛtaṃ pro. dīnānāthena ||,,250,115,195-200,75-80,"written: 195-200 x 75-80 mm. Verses after completion statement. Marginal glosses (copied from antigraph?) Smooth, thin, brown paper.",
Sanscrit 1269,120,Dhāturatnamālā,Bikaner,Bikaner,,Prohitadīnānātha,,,1900,sam̐vvat 1957 āśvin_śukla 12 bhṛguvāsare || śubhaṃ bhūyāt || lipīkṛtaṃ prohitadīnānāthena vikramapuramadhye ||,,250,115,185,80,written: 195 x 80 mm. Card: 93 x 65 mm. Brown card: 80-85 x 65 mm.,
Sanscrit 1270,121,Lohapaddhati,Bikaner,Bikaner,,Prohitadīnānātha,,,1900,saṃ 1957 kārttikaśukla 10 lipīkṛtaṃ prohitadīnānāthena || ꣸ || vikramapuramadhye ||,,245*,115*,,,,http://gallica.bnf.fr/ark:/12148/btv1b10090995t
Sanscrit 1271,122,Mallaprakāśa,Bikaner,Bikaner,,Prohitadīnānātha,,,,śubhaṃ bhūyāt || lipīkṛtaṃ prohitadīnānāthena ||,,250*,115*,,,,http://gallica.bnf.fr/ark:/12148/btv1b100909968
Sanscrit 1272,123,Siddhasārasaṃhitā,Madras,Madras,,Kesampath Kumara Chakravarthi,,,1902,Copied by Kesampath Kumara Chakravarthi G. O. M.S.S. Library. Madras. 10.7.1902,,205*,325*,,,,https://gallica.bnf.fr/ark:/12148/btv1b10091769z
Sanscrit 1273,124,Bheṣahakalpa,Madras,Madras,5-5-38,,,,,,,205*,325*,,,,https://gallica.bnf.fr/ark:/12148/btv1b10090997q
Sanscrit 1274A,125A,Nidānacintāmaṇi,Pondicherry,Poona,1037,Palmyr Cordier,,,1902,,,115,175-180,,,“Pond. vi-ix-02”. VERITABLE BRITISH FASHION watermark. JMCB British Manufacture watermark. Waste paper from marriage invitation of Rose Besson & Marcel Léothaud.,
Sanscrit 1274B,125B,Nāḍījñāna,Calcutta*,Calcutta,1482,Palmyr Cordier,,,1903,,,115,180,100,160-170,written: 100 x 160-170 mm. JMCB British Manufacture watermark.,
Sanscrit 1275,126,Tattvakaṇikā,Bikaner,Bikaner,1620f,Prohitadīnānātha*,,,,,,230,110,180,75-80,written: 180 x 75-80 mm.,
Sanscrit 1276,127,Rasāvatāra,Bikaner,Bikaner,1560b,Prohitadīnānātha*,,,,,,225*,105*,,,,https://gallica.bnf.fr/ark:/12148/btv1b10077325f
Sanscrit 1277,128,Sugrīvasaṃkarakariṇīvidyā,Bikaner,Bikaner,1602,Prohitadīnānātha,,,,|| lipīkṛtaṃ prapurohitadīnanātheneyaṃ,,230-235,110,180,75,"written: 180 x 75 mm. Diagrams in pencil and ink. Thin, light beige paper.",
Sanscrit 1278,129,Rasarājaśaṃkara,Bikaner,Bikaner,1510,Prohitadīnānātha*,,,,,,225*,105*,,,Wilson & Co. Madras stamp on cover,https://gallica.bnf.fr/ark:/12148/btv1b100773297/f40.item
Sanscrit 1279,130,Netraprakāśikā,Tanjore,Tanjore,10793,,,,,,,170,210,130-135,170-180,"Written: 130-135 x 170-180 mm. A. J. BROWN, BROUGH & CO. watermark. CONQUEROR LONDON watermark on flyleaves.",
Sanscrit 1281,132,Dravyaguṇa,Jammu,Jammu,3165,,,,1902,samvat 1959 āśvina śukla pañcamyāṃ somavāsare śubham bhūyāt,,340-365,190,270-300,130-145,270-300 x 130-145 mm written.,
Sanscrit 1282,133,Cikitsāsāra,Jammu,Jammu,3118,,,,1902/1903,samvat 1959 śubham bhūyāt,,310-335,185-190,255-280,135,written: 255-280 x 135 mm.,
Sanscrit 1283,134,Jvaratimirabhāskara,Jammu,Jammu,T. Der. 4053,,,,,,saṃvat 1941 samāpto ‘yaṃ graṃthaḥ,305*,175*,,,,https://gallica.bnf.fr/ark:/12148/btv1b10077335v/f147.item
Sanscrit 1284,135,Vaidyavidyāvinoda,Jammu,Jammu,T. Der. 3113,,,,,,,370-380,160,270-290,110,written: 270-290 x 110 mm. Unique format. Neat hand.,
Sanscrit 1285,136,Āṛṣavidyānuśāsana,Madras,Madras,MD 19905*,,,,[1901],āptāṃ pustaka eṣa śāstrajaladhiśrīvardhamānājñayā haste vistratavīrasaṃghavapuṣāṃ śiṣyapraśiṣyaśriyaḥ | yo vā pārayitā paraty api tathā yo lekhayety ādarāt te te svepsitam ācarantu sudhiyaḥ sarve catuḥsaṃghinaḥ || vidyānuśāsanasya granthapramāṇaṃ pañcasahasrasaṃkhyā || || śubham astu ,,210,340,160,280,Written: 160 x 280 mm. Dorling & Co 1901 watermark. note: WT & Co watermark.,
Sanscrit 1286,137,Carakapañjikā,Madras,Madras,6b-5-15,Kesampath Kumara Chakravarthi,,N. Varadācārya,1902,,,205*,330*,,,"Copied from Kannada antigraph. “Copiste: K Saṃpaṭhkumāra Cakravartin.” “Révisé par : Paṇḍit N. Varadācārya.""",https://gallica.bnf.fr/ark:/12148/btv1b10090582j
Sanscrit 1287,138,Prayogāmṛtā,Jammu,Jammu,3309,,,,,,,370-375,210-215,275-285,145-150,275-285 x 145-150 mm written. neat hand.,
Sanscrit 1288,139,Rasārṇava,Jammu,Jammu,3185,,,,,,,320-325,185-190,245-250,120-130,written: 245-250 x 120-130 mm. all photos taken.,
Sanscrit 1289,140,Rasaratnākara,Jammu,Jammu,3277,,,,,(noṭa) yeha[idaṃ] pustakaṃ vṛhatprayatnena likhitaṃ aśuddha [a]titvāt,,320,185,240-250,125-135,written: 240-250 x 125-135 mm. on yeh: https://archive.org/details/BrajBhashaDictionary/Braj%20Bhasha%20Dictionary%20Part%202/page/n439/mode/1up,
Sanscrit 1290,141,Yogasudhānidhi,Jammu,Jammu,3320,,,,,,,315-320,185,245-255,125-130,written: 245-255 x 125-130 mm.,
Sanscrit 1291,142,Bālacikitsā,Jammu,Jammu,906,,,,,,,320-330,180-185,255-260,130-135,written: 255-260 x 130-135 mm. Filliozat note: 90 x 130 mm. All photos taken.,
Sanscrit 1292,143,Yogaśataṭīkā,Bikaner,Bikaner,1470A,Prohitadīnānātha [Purohitadīnanātha],,,1903,|| śrīḥ || || akṣaramātrapadaśvarahīnaṃ vyaṃjanasaṃdhivivarjitarephaṃ sādhubhir eva mama kṣamitavyaṃ ko na vimuhyati sāsvasamuī || || lipīkṛtaṃ purohitadīnanātheneyaṃ yogaśataṭīkā ||  || vikramapuramadhye || || sam̐vvat 1959 māghaśuklā 5 saumyavāsare || || śubhaṃ bhūyāl lekhakapāṭhakayor ubhayoḥ || || śrīḥ ||,,340*,180*,,,“sāsvasamuī” should be “śāstrasamudre”.,https://gallica.bnf.fr/ark:/12148/btv1b100909538
Sanscrit 1293,144,Rasaratnasārasaṃgraha,Bikaner,Bikaner,1697B,Prohitadīnānātha [Purohitadīnanātha],,,,|| ꣸ || || śrīḥ || || lipīkṛtaṃ purohitadīnanāthenedaṃ pustakam,,285,145-150,225-230,110-115,written: 225-230 x 110-115 mm. front cover: CONQUEROR LONDON watermark. back cover: WT & Co watermark.,
Sanscrit 1294,145,Pathyāpathyavibodhaka,Calcutta*,Calcutta,iii-c-119,Palmyr Cordier,,,1902,,,180,230,85-175,225,24 pages (no pagination). written: 85-175 x 225 mm. Edward Lloyd extra strong watermark. (29-vii-02) Variants from Govt. MSS 982 (first 4 pages).,
Sanscrit 1295,146,Sārāvali,Jammu,Jammu,3163,,,,,,,325,125,210-225,70,"written: 210-225 x 70 mm. neat hand, wide format. Out of order: 1-14, 41-43, 103, 2, 20, 3, 2 unnumbered, 22, 4, unnumbered, 8, 2 unnumbered, 7, 2 unnumbered, 10, 2 unnumbered, 17, 27, 23, 21, 25, 21, 29, unnumbered, 22, 24, 30, 28, unnumbered.",
Sanscrit 1296,147,Vaidyacandrodaya,Jammu,Jammu,3187,[neat hand],,,,,,320-325,185,240,120,240 x 120 mm written.,
Sanscrit 1297,148,Yantracintāmaṇi,Jammu,Jammu,4919,[neat hand],,,,,,320-325,185,235-240,120-125,235-240 x 120-125 mm written. śloka count and yantraśloka count.,
Sanscrit 1298,149,Vaidyabhāskarodaya,Jammu,Jammu,3299-3300,[neat hand],,,,,,320-325,185,235-240,125-130,written: 235-240 x 125-130 mm.,
Sanscrit 1299,150,Hṛdayadīpaka,Jammu,Jammu,4129,[neat hand],,,,,,320,185,235,120-125,written: 235 x 120-125 mm.,
Sanscrit 1300,151,Siddhamantra,Jammu,Jammu,3188,[neat hand],,,,,,320-325,185-190,230-235,125-130,written: 230-235 x 125-130 mm.,
Sanscrit 1301,152,Cikitsākalikāṭīkā,Bikaner,Bikaner,1678,Prohitadīnānātha [Purohitadīnanātha],,,1903,sam̐vvat 1960 jyeṣṭakṛṣṇā 2 | lipīkṛṭaṃ purohitadīnanātheneyaṃ ṭīkā vikramapuramadhye || śubhaṃ bhūyāt ||,,285,145-150,225-230,115,written: 225-230 x 115 mm. ,
Sanscrit 1302,153,Tattvakaṇikā,Bikaner,Bikaner,1718,Prohitadīnānātha [Purohitadīnanātha],,,1902,sam̐vvat 1959 caitrakṛṣṇa 13 lipīkṛtaṃ purohitadīnanāthena ||,,285,150,225,115,written: 225 x 115 mm.,
Sanscrit 1303,154,Siddhamantra,Bikaner,Bikaner,1543,Prohitadīnānātha [Purohitadīnanātha],,,,lipīkṛtaṃ purohitadīnanāthenedam ||,,285,145-150,225,115,written: 225 x 115 mm.,
Sanscrit 1305,156,Āyurvedarasāyana,Jammu,Jammu,3276,[neat hand],,,,,,370-380,165-170,290-295,105-110,written: 290-295 x 105-110 mm.,
Sanscrit 1306,157,Viṣaharatantra,Jammu,Jammu,3261,,,,,,,315-325,180-185,240-250,130-135,written: 240-250 x 130-135 mm,
Sanscrit 1307,158,Yogacintāmaṇi Abhidhānagranthaṭīkā,Calcutta*,Calcutta,3115,,,,,,,285*,205*,,,,https://gallica.bnf.fr/ark:/12148/btv1b10090954q
Sanscrit 1308,159,Sūpaśāstra,Madras,Madras,7-6-14,,,,,,,210,340,160,280,160 x 280 mm written. Kannada antigraph; own photos. Lion brand  Samser-be-Nazeer British Make watermark. Afta-be-Alamgir British Make watermark.,
Sanscrit 1309,160,Bheṣajakalpavyākhyā,Madras,Madras,7-4-7,,,,,,,210,340,130-140,265-270,written: 130-140 x 265-270 mm. Dorling & Co. London watermark.,
Sanscrit 1310,161,Ratnaprabhā,,Bikaner,,Palmyr Cordier,,,,,,170,215,130-140,190,"written: 130-140 x 190 mm. book: 175 x 225 x 10 mm. Includes Cordier’s name card from Hanoi (rue Pavie, now Han Thuyen Street) marking end of transcription.",
Sanscrit 1311,162,Bhojanakutūhala,Jammu,Jammu,3219,[neat hand],,,,,,370,165,285-290,105-110,"written: 285-290 x 105-110 mm. with table of contents, page divided horizontally into 4 parts by folds.",
Sanscrit 1312,163,Aśvāyurveda,Jammu,Jammu,3213,,,,,,,365*,165*,,,,https://gallica.bnf.fr/ark:/12148/btv1b10077318c
Sanscrit 1313,164,Kalpasāgara ,Jammu,Jammu,3278,[neat hand],,,,,,370,165,280-295,110,written: 280-295 x 110 mm.,
Sanscrit 1314,165,Kalpasāgara,Jammu,Jammu,3308,[neat hand],,,,,,370,165,290,105-110,written: 290 x 105-110 mm.,
Sanscrit 1315,166,Nidānayogaratnāvalī,Madras,Madras,6B-5-22,,,,,,,210,335,145-150,265-270,written: 145-150 x 265-270 mm. Telugu script original.,
Sanscrit 1316,167,Aṣṭāṅganighaṇṭu,Madras,Madras,6B-6-5,,,,,,,210,340,145-155,265-275,written: 145-155 x 265-275 mm. Dorling & Co. London watermark.,
Sanscrit 1317,168,Ṣaḍrasanighaṇṭu,Madras,Madras,7-5-21,,,,,,kharanāmasaṃvatsaramākha (va?) 30 śukravāramadhyāūṃ ||,210,340,150-155,270-280,written: 150-155 x 270-280 mm. khara = 1891/1892 CE. Dorling & Co. London watermark.,
Sanscrit 1318,169,Śataślokī,Tanjore,Tanjore,5442,,,,,,,170,210,120,145-150,"written: 120 x 145-150 mm. Impressed margin lines and guides. A.J. Brown, Brough & Co. watermark.",
Sanscrit 1319,170,Kalpasāgara,Jammu,Jammu,3123,,,,,,,310*,180*,,,,https://gallica.bnf.fr/ark:/12148/btv1b10077328s/f124.item
Sanscrit 1320,171,Nidānapradīpā,Jammu,Jammu,3194,[neat hand],,,,,,365-375,155-165,280-290,105-110,written: 280-290 x 105-110 mm.,
Sanscrit 1321,172,Dakṣiṇāmurtinighaṇṭu,Madras,Madras,,,,,,,,210,340,150-160,270-280,written: 150-160 x 270-280 mm. title card in Sanscrit 1322-1323. Dorling & Co. London watermark.,
Sanscrit 1322-1323,173-174,Rasakakṣapuṭa & Rasarājaśekhara,Madras,Madras,,,,,1903*,,,210,340,160-170,270,"written: 160-170 x 270 mm. Dorling & Co. London watermark (beginning). Dorling & Co. 1903 watermark (end). Superfine foolscap, Guaranteed British Make watermark (p. 477).",
Sanscrit 1324,175,Mādhavīcikitsā,Bikaner,Bikaner,,Prohitadīnānātha [Purohitaḥ Dīnanātha],,,1903,sam̐vvat 1960 mārgaśīrṣaśuklā 14 guruvāsare || lipīkṛtaṃ purohitaḥ dīnanāthena || śrīḥ ||,,275*,140*,,,https://gallica.bnf.fr/ark:/12148/btv1b100905546,
Sanscrit 1325,176,Vaidyakamādhavīvṛtti,Bikaner,Bikaner,,Prohitadīnānātha [Purohitadīnanātha],,,1904,|| ꣸ || śrīkṛṣṇārpaṇam astu || sam̐. 1960 pauṣaśuklā 15 li. purohitadīnanāthena | śubhaṃ bhūyāt || ||,,285,150,235,110-115,written: 235 x 110-115 mm.,
Sanscrit 1326,177,Bhāvasvabhāva,Bikaner,Bikaner,,Prohitadīnānātha [Purohitadīnanātha],,,,lipīkṛtaṃ purohitadīnanāthena || śubhaṃ bhūyāt ||,,285-290,145-150,235-240,110-115,written: 235-240 x 110-115 mm.,
Sanscrit 1327,178,Commentaire sur l’Aṣṭāṅgahṛdaya par Hāṭakāṅka ,Tanjore,Tanjore,10-787,,,,,,,170,210,130-140,170-175,"written: 130-140 x 170-175 mm. Telugu script. Telugu & Tamil note on bottom of p. 60 (“look at the second book”, “ireṇṭavatu pukku pārkkavum”). 14 blank pages at the end (including back cover). A. J. Brown, Brough & Co. watermark. Starts with pencil lines and red frame, ends with no frame and impressed lines.",
Sanscrit 1328,179,Kṣemakutūhala,Jammu,Jammu,3252,,,,,,,290-295,175-180,215-225,125-130,"written: 215-225 x 125-130 mm. Extent: 2, 4-59, unnumbered.",
Sanscrit 1329,180,Rugviniścayapariśiṣṭa,Jammu,Jammu,3373,,,,,,,320-340,185-190,250-270,120-125,written:250-270 120-125 mm.,
Sanscrit 1330,181,Yaśaścandrikā,Jammu,Jammu,3271,,,,,,,290-335,180-195,210-260,125,"written: 210-260 x 125 mm. Extent: 1-54, 1-40. Second unit on smaller paper.",
Sanscrit 1331,182,Nidānapradīpa,Jammu,Jammu,3305,,,,,,,320-325,180-185,235-265,120-140,written: 235-265 x 120-140 mm. multiple hands.,
Sanscrit 1332,183,Bhāvasvabhāvaṭippaṇī,Chandernagor,Nepal,Cod. Nēpāli No. 3,Palmyr Cordier,Haraprasād Śāstrī,,1900,,,170,210,130-135,210,written: 130-135 x 210 mm. Transcript of an ms from Nepal. D. M. Traill Calcutta watermark (“Nic Magnum Nisi Bonum”). Notes in (old) Bengali script in Cordier’s hand.,
